[a:001],天体兔,兔哥兹,,,
[a:002],熊猫,,,,
[a:003],白头鹰,,,,
[a:004],毛熊,藤冈,,,
[a:005],兔美,,,,
[a:006],熊吉,,,,
[a:007],早乙女玄马,,,,
[a:008],喵,,,,
[a:009],狸,,,,
[a:010],喵先生,,,,
[a:011],Tiger,,,,
[a:012],大河虎,,,,
[a:013],大神,,,,
[a:014],爪,,,,
[a:015],大圣,,,,
[a:016],空知猩猩,,,,
[a:017],摇曳露营,竹轮1,,,
[a:018],摇曳露营,竹轮2,,,
[a:019],Jack眼神变,,,,
[a:020],动物森友会,西施惠,,,
[a:021],动物森友会,狐利,,,
[a:022],动物森友会,傅珂,,,
[a:023],动物森友会,狸克,,,
[a:024],动物森友会,美玲,,,
[a:025],动物森友会,蹦蹦,,,
[a:026],动物森友会,茶茶丸,,,
[a:027],北狗神拳头像,二狗,,,
[a:028],北狗神拳头像,黑线二狗,,,
[a:029],强狗,Doge,,,
[a:030],弱狗,Cheems,,,
[a:031],葫芦兄弟,青蛙,,,
[b:001],哈罗,,,,
[b:002],吉翁号,,,,
[b:003],,,,,
[b:004],,,,,
[b:005],,,,,
[b:006],,,,,
[b:007],,,,,
[b:008],,,,,
[b:009],,,,,
[b:010],,,,,
[b:011],,,,,
[b:012],,,,,
[b:013],,,,,
[b:014],,,,,
[b:015],,,,,
[b:016],红色有角,,,,
[b:017],,,,,
[b:018],元祖,,,,
[b:019],,,,,
[b:020],,,,,
[b:021],,,,,
[b:022],ZZ,,,,
[b:023],,,,,
[b:024],,,,,
[b:025],,,,,
[b:026],,,,,
[b:027],TurnA,,,,
[b:028],,,,,
[b:029],,,,,
[b:030],,,,,
[b:031],,,,,
[b:032],,,,,
[b:033],,,,,
[b:034],,,,,
[b:035],,,,,
[b:036],,,,,
[b:037],元祖TV,,,,
[c:001],DeathNote,夜神月,计划通,,
[c:002],圣斗士星矢,城户纱织,你不是还有生命吗,,
[c:003],幸运星,泉此方,,,
[c:004],游戏王,城之内克也,,,
[c:005],北斗神拳,健次郎,,,
[c:006],日常,相生v子,,,
[c:007],Eureka7,兰顿,,,
[c:008],即使如此小镇依然转动,岚山步鸟,,,
[c:009],Re从零开始的异世界生活,菜月昴,,,
[c:010],阿松,椴松,,,
[c:011],烙印战士,霸王之卵,,,
[c:012],明日的丈,矢吹丈,,,
[c:013],JOJO的奇妙冒险,岸边露伴,但是我拒绝,,
[c:014],MacrossF,兰卡李,KIRA,,
[c:015],StarDriver,海德,绮罗星,,
[c:016],龙珠,天津饭,太阳拳,,
[c:017],未来日记,我妻由乃,,,
[c:018],路人女主的养成方法,英梨梨,败犬,,
[c:019],心跳Q娃,CureDiamond,不也挺好的吗,败犬,
[c:020],心跳Q娃,CureHeart,,,
[c:021],高达,阿姆罗,居然打两次,,
[c:022],高达,阿姆罗,连我爸爸都没有打过我,,
[c:023],高达,夏亚,因为还是个小鬼,,
[c:024],高达,雷比尔,,,
[c:025],高达SEED,基拉大和,但是卡嘉莉在哭啊,,
[c:026],高达SEEDD,真飞鸟,,,
[c:027],高达SEED,克鲁泽,你说这个谁懂啊,,
[c:028],高达G,多蒙,,,
[c:029],高达00,Mr.武士道,,,
[c:030],高达G,reco,面具,,
[c:031],EVA,碇真嗣,,,
[c:032],EVA,碇真嗣,,,
[c:033],EVA,碇真嗣,,,
[c:034],EVA,渚薰,,,
[c:035],EVA,绫波丽,,,
[c:036],EVA,绫波丽,,,
[c:037],EVA,绫波丽,,,
[c:038],EVA,绫波丽,叼面包,,
[c:039],EVA,明日香,,,
[c:040],EVA,明日香,,,
[c:041],EVA,明日香,,,
[c:042],EVA,明日香,你是笨蛋吗,,
[c:043],EVA,葛城美里,,,
[c:044],EVA,葛城美里,,,
[c:045],EVA,葛城美里,,,
[c:046],EVA,碇源堂,碇司令,,
[c:047],EVA,第三使徒,,,
[c:048],天元突破,西蒙,,,
[c:049],银魂,坂田银时,,,
[c:050],银魂,坂田银子,,,
[c:051],银魂,松平片栗虎,,,
[c:052],银魂,近藤勋,,,
[c:053],银魂,神乐,,,
[c:054],银魂,神乐,,,
[c:055],银魂,MADAO,,,
[c:056],银魂,猿飞菖蒲,,,
[c:057],银魂,哈塔王子,,,
[c:058],名侦探柯南,江户川柯南,,,
[c:059],名侦探柯南,江户川柯南,,,
[c:060],名侦探柯南,犯人,小黑,,
[c:061],反逆的鲁鲁修,鲁鲁修,,,
[c:062],反逆的鲁鲁修,鲁鲁修,,,
[c:063],反逆的鲁鲁修,枢木朱雀,,,
[c:064],反逆的鲁鲁修,CC,,,
[c:065],反逆的鲁鲁修,CC,,,
[c:066],反逆的鲁鲁修,CC,,,
[c:067],反逆的鲁鲁修,红月卡莲,,,
[c:068],反逆的鲁鲁修,卡莲・修斯坦菲尔德,,,
[c:069],天使和龙的轮舞,安琪,安洁,,
[c:070],天使和龙的轮舞,塔斯克,,,
[c:071],天使和龙的轮舞,恩布利欧,胚芽,,
[c:072],天使和龙的轮舞,恩布利欧,胚芽,三天三夜,
[c:073],天使和龙的轮舞,萨利亚,,,
[c:074],天使和龙的轮舞,萨拉,,,
[c:075],Fate系列,Saber,阿尔托莉雅,,
[c:076],FateZero,Saber便装,阿尔托莉雅,,
[c:077],Fate系列,Saber邪神,阿尔托莉雅,,
[c:078],FateZero,Berserker,,,
[c:079],FateZero,Rider,,,
[c:080],FateZero,Lancer,,,
[c:081],FateZero,Caster,,,
[c:082],FateZero,Assassin,,,
[c:083],FateZero,Archer,金闪闪,,
[c:084],Fate系列,恩奇都,,,
[c:085],Fate系列,远坂凛,,,
[c:086],Fate系列,间桐慎二,,,
[c:087],FateZero,间桐雁夜,,,
[c:088],FateGrandOrder,咕哒子,,,
[c:089],魔法少女小圆,鹿目圆,,,
[c:090],魔法少女小圆,鹿目圆,圆神,,
[c:091],魔法少女小圆,美树爽,,,
[c:092],魔法少女小圆,晓美炎,小焰,,
[c:093],魔法少女小圆,晓美炎,发带小焰,,
[c:094],魔法少女小圆,晓美炎,眼镜小焰,,
[c:095],魔法少女小圆,佐仓杏子,,,
[c:096],魔法少女小圆,巴麻美,,,
[c:097],全金属狂潮,相良宗介,瀑布汗,,
[c:098],全金属狂潮,千鸟要,,,
[c:099],全金属狂潮,千鸟要,,,
[c:100],全金属狂潮,泰莎,舰长,,
[c:101],全金属狂潮,泰莎,舰长,,
[c:102],全金属狂潮,波太,蹦太君,,
[c:103],凉宫春日系列,凉宫春日,团长,,
[c:104],凉宫春日系列,长门有希,,,
[c:105],凉宫春日系列,阿虚,,,
[c:106],凉宫春日系列,古泉一树,,,
[c:107],凉宫春日系列,朝比奈实玖,1096,,
[c:108],clannad,藤林杏,,,
[c:109],冰果,折木奉太郎,震惊,折棒,
[c:110],冰果,折木奉太郎,厌烦,折棒,
[c:111],冰果,折木奉太郎,节能,折棒,
[c:112],冰果,折木奉太郎,疲惫,折棒,
[c:113],冰果,折木奉太郎,慌张,折棒,
[c:114],冰果,千反田爱,我很好奇,吃蛋挞,
[c:115],冰果,千反田爱,吃蛋挞,,
[c:116],吹响吧！上低音号,高坂丽奈,,,
[c:117],吹响吧！上低音号,黄前久美子,,,
[c:118],旋转企鹅罐,企鹅女王,生存战略！,,
[c:119],百合熊风暴,百合城银子,,,
[c:120],百合熊风暴,百合D露露,,,
[c:121],钢之炼金术师,爱德华,豆丁,,
[c:122],钢之炼金术师,爱德华,豆丁,,
[c:123],钢之炼金术师,阿尔冯斯,,,
[c:124],钢之炼金术师,阿尔冯斯,,,
[c:125],SchoolDays,桂言叶,,,
[c:126],SchoolDays,桂言叶,,,
[c:127],SchoolDays,西园寺世界,,,
[c:128],SchoolDays,西园寺世界,,,
[c:129],Steins;Gate,牧濑红莉栖,助手,,
[c:130],Steins;Gate,牧濑红莉栖,助手,,
[c:131],Steins;Gate,牧濑红莉栖TV,助手,,
[c:132],电波女与青春男,藤和艾莉欧,,,
[c:133],物语系列,阿良良木历,阿垃垃圾,,
[c:134],物语系列,阿良良木历,阿垃垃圾,,
[c:135],物语系列,阿良良木历,阿垃垃圾,,
[c:136],物语系列,阿良良木历,阿垃垃圾,,
[c:137],物语系列,忍野忍,,,
[c:138],物语系列,忍野忍,,,
[c:139],物语系列,忍野忍,,,
[c:140],物语系列,KISSSHOT,忍野忍,,
[c:141],物语系列,羽川翼,,,
[c:142],物语系列,羽川翼,,,
[c:143],物语系列,羽川翼,黑羽川,,
[c:144],物语系列,羽川翼,黑羽川,,
[c:145],物语系列,战场原黑仪,,,
[c:146],物语系列,战场原黑仪,,,
[c:147],物语系列,战场原黑仪,,,
[c:148],物语系列,八九寺真宵,,,
[c:149],物语系列,八九寺真宵,,,
[c:150],物语系列,八九寺真宵,,,
[c:151],物语系列,神原骏河,,,
[c:152],物语系列,神原骏河,,,
[c:153],物语系列,神原骏河,,,
[c:154],物语系列,千石抚子,,,
[c:155],物语系列,千石抚子,,,
[c:156],物语系列,千石抚子,蛇神抚子,,
[c:157],荒川爆笑团,小珊,,,
[c:158],荒川爆笑团,小珊,,,
[c:159],荒川爆笑团,P子,,,
[c:160],荒川爆笑团,P子,,,
[c:161],荒川爆笑团,P子,,,
[c:162],荒川爆笑团,高井,,,
[c:163],荒川爆笑团,修女,,,
[c:164],荒川爆笑团,最后的武士,,,
[c:165],荒川爆笑团,天狗,,,
[c:166],寒蝉鸣泣之时,龙宫礼奈,无所哒(无所大),,
[c:167],海猫鸣泣之时,贝阿朵莉切,,,
[c:168],海猫鸣泣之时,贝阿朵莉切,,,
[c:169],迷宫饭,玛露希尔,马鹿,,
[c:170],迷宫饭,玛露希尔,马鹿,,
[c:171],迷宫饭,玛露希尔,马鹿,,
[c:172],迷宫饭,玛露希尔,马鹿,,
[c:173],迷宫饭,玛露希尔,马鹿,,
[c:174],迷宫饭,玛露希尔,马鹿,,
[c:175],迷宫饭,玛露希尔,马鹿,,
[c:176],迷宫饭,玛露希尔,马鹿,,
[c:177],迷宫饭,玛露希尔,马鹿,,
[c:178],迷宫饭,玛露希尔,马鹿,,
[c:179],东方,雾雨魔理沙,油库里,,
[c:180],东方,博丽灵梦,油库里,,
[c:181],Hunter×Hunter,杰・富力士,小冈,,
[c:182],Hunter×Hunter,杰・富力士,筋肉冈,,
[c:183],Hunter×Hunter,奇搿ぷ岬锌,,,
[c:184],Hunter×Hunter,酷拉皮卡,,,
[c:185],Hunter×Hunter,酷拉皮卡,,,
[c:186],Hunter×Hunter,雷欧力,,,
[c:187],Hunter×Hunter,西索,,,
[c:188],美少女战士,夜礼服假面,,,
[c:189],美少女战士,水兵月,,,
[c:190],SlamDunk,樱木花道,,,
[c:191],机动警察,后藤喜一,,,
[c:192],机动警察,英格拉姆,,,
[c:193],俺妹,高坂桐乃,,,
[c:194],俺妹,五更璃,,,
[c:195],俺妹,五更璃,,,
[c:196],GuiltyCrown,G祈,,,
[c:197],革命机Valvrave,流木野D,,,
[c:198],革命机Valvrave,指南翔子,,,
[c:199],AldnoahZero,界V伊奈帆,,,
[c:200],那花,本间芽衣子,面麻,,
[c:201],花名,松前绪花,,,
[c:202],TheIdolM@ster灰姑娘女孩,涩谷凛,,,
[c:203],TheIdolM@ster灰姑娘女孩,双叶杏,,,
[c:204],TheIdolM@ster灰姑娘女孩,Producer,,,
[c:205],臭作,伊头臭作,,,
[c:206],臭作,高部绘里,,,
[c:207],EXODUS!,阿鲁瓶,,,
[c:208],第三飞行少女队,春夏秋冬亚莉亚,,,
[c:209],DMC,克劳萨II世,,,
[c:210],夜之小双侠,多龙芝,,,
[c:211],blackhairdoll,,,,
[c:212],EVA,绫波丽,,,
[c:213],零之使魔,塔巴萨,,,
[c:214],变形金刚,擎天柱,,,
[c:215],木偶奇遇记,匹诺曹,,,
[c:216],大力水手,波派,,,
[c:217],彩虹小马,暮光闪闪,,,
[c:218],塞尔达传说时之笛,林克,,,
[c:219],MGS,Snake,,,
[c:220],,,,,
[c:221],WOW,魔兽,,,
[c:222],兽人,绿皮,,,
[c:223],NewGame,凉风青叶,,,
[c:224],NewGame,凉风青叶,,,
[c:225],NewGame,泷本日富美,泷本一二三,,
[c:226],NewGame,泷本日富美,泷本一二三,,
[c:227],NewGame,泷本日富美,泷本一二三,,
[c:228],正解的卡多,扎修尼纳,,,
[c:229],兽娘动物园,小包,,,
[c:230],兽娘动物园,薮猫,,,
[c:231],兽娘动物园,耳廓狐,,,
[c:232],兽娘动物园,浣熊,,,
[c:233],高达铁血,麦基利斯,你敢违抗拥有巴耶力的我吗,,
[c:234],JustBecause!,小宫惠那,败犬,,
[c:235],尼尔,埃米尔,,,
[c:236],塞尔达传说旷野之息,米法,,,
[c:237],塞尔达传说旷野之息,米法amiibo,邪神,,
[c:238],异度传说2,KOSMOS,邪神,,
[c:239],异度神剑2,焰,,,
[c:240],异度神剑2,焰,,,
[c:241],异度神剑2,光,,,
[c:242],异度神剑2,光,,,
[c:243],异度神剑2,尼娅,,,
[c:244],异度神剑2,尼娅,,,
[c:245],异度神剑2,尼娅动态,,,
[c:246],异度神剑2,尼娅动态,,,
[c:247],异度神剑2,尼娅动态,,,
[c:248],异度神剑2,尼娅异刃,,,
[c:249],异度神剑2,Pneuma,小绿,,
[c:250],Fate系列,间桐樱,,,
[c:251],Fate系列,间桐慎二,,,
[c:252],摇曳露营,各务原抚子,,,
[c:253],摇曳露营,各务原抚子,,,
[c:254],摇曳露营,各务原抚子,,,
[c:255],摇曳露营,各务原抚子,,,
[c:256],摇曳露营,志摩凛,,,
[c:257],摇曳露营,志摩凛,,,
[c:258],摇曳露营,志摩凛,,,
[c:259],摇曳露营,志摩凛仙人掌,,,
[c:260],摇曳露营,大垣千明,,,
[c:261],摇曳露营,大垣千明,,,
[c:262],摇曳露营,犬山葵,,,
[c:263],摇曳露营,齐藤惠那,,,
[c:264],摇曳露营,齐藤惠那,,,
[c:265],为美好的世界献上祝福,佐藤和真,,,
[c:266],为美好的世界献上祝福,佐藤和真,,,
[c:267],为美好的世界献上祝福,阿库娅,,,
[c:268],为美好的世界献上祝福,阿库娅,,,
[c:269],为美好的世界献上祝福,惠惠,,,
[c:270],为美好的世界献上祝福,惠惠,,,
[c:271],为美好的世界献上祝福,达克妮丝,,,
[c:272],为美好的世界献上祝福,达克妮丝,,,
[c:273],PPTP,pop子,,,
[c:274],PPTP,pop子,,,
[c:275],PPTP,pipi美,,,
[c:276],高达铁血,奥尔加,团长,,
[c:277],DarlingintheFranXX,02,国家队,,
[c:278],DarlingintheFranXX,02,国家队,,
[c:279],DarlingintheFranXX,莓,国家队,,
[c:280],DarlingintheFranXX,莓,国家队,,
[c:281],DarlingintheFranXX,莓,国家队,败犬,
[c:282],DarlingintheFranXX,鹤望兰・真・天燕,国家队,大02,
[c:283],锦织敦史,jzgg,,,
[c:284],锦织敦史,味道好极了,jzgg,,
[c:285],宝石之国,磷叶石,,,
[c:286],千绪的上学路,三谷裳千绪,,,
[c:287],千绪的上学路,野野村真奈菜,,,
[c:288],千绪的上学路,野野村真奈菜,,,
[c:289],九品芝麻官,豹子头雷豹,我全都要,,
[c:290],哆啦A梦,源静香,机器猫,,
[c:291],锦织敦史,Shining,jzgg,,
[c:292],黑暗之魂,太阳骑士,,,
[c:293],PPTP,pop子cnmloop,恰柠檬,,
[c:294],JOJO的奇妙冒险,布加拉提,说谎的味道,prpr,
[c:295],辉夜大小姐想让我告白,四宫辉夜,真是可爱呢,,
[c:296],迷宫饭,玛露西尔,马鹿,,
[c:297],强风吹拂,柏崎茜,,,
[c:298],DC,Batman,蝙蝠侠,,
[c:299],Marvel,Ironman,钢铁侠,,
[c:300],空洞骑士,,,,
[c:301],空洞骑士,黄蜂,,,
[c:302],尼尔2,2B,,,
[c:303],霹雳游侠,霹雳车,,,
[c:304],EXH,悲伤熊猫,hentai,,
[c:305],辉夜大小姐想让我告白,藤原千花,书记,,
[c:306],摇曳露营,犬山葵,,,
[c:307],小岛秀夫,,,,
[c:308],小岛秀夫,,,,
[c:309],小岛秀夫,,,,
[c:310],Rick&Morty,Rick,瑞克,,
[c:311],变态假面,变态假面,,,
[c:312],福星小子,错乱僧,,,
[c:313],鬼灭之刃,弥豆子,,,
[c:314],冒险时光,Finn,,,
[c:315],冒险时光,Princess,Bubblegum,,
[c:316],冒险时光,Jakesalad,,,
[c:317],你的名字,宫水三叶,,,
[c:318],你的名字,立花泷,,,
[c:319],塞尔达传说假面,月亮,,,
[c:320],烟草,凛,,,
[c:321],烟草,律,,,
[c:322],烟草,鸣,,,
[c:323],烟草,若叶,,,
[c:324],烟草,白,,,
[c:325],北斗神拳,健次郎卖萌,,,
[c:326],哆啦A梦(圆),机器猫,,,
[c:327],哆啦A梦,机器猫,,,
[c:328],怪医黑杰克,间黑男,blackjack,秦博士,
[c:329],生化危机,吉尔,,,
[c:330],最终幻想7,克劳德,cloud,,
[c:331],FF7,蒂法,tifa,,
[c:332],FF7,爱丽丝,,,
[c:333],FF7,萨菲罗斯,,,
[c:334],来自深渊,黎明卿,,,
[c:335],Mr.Quin,秦川,,,
[c:336],DC,Joker,小丑,,
[c:337],DC,Riddler,谜语人,,
[c:338],高达SEED,阿斯兰萨拉,,,
[c:339],寒蝉鸣泣之时,前原圭一,,,
[c:340],大春物,比企谷八幡,,,
[c:341],大春物,雪之下雪乃,,,
[c:342],大春物,由比滨结衣,,,
[c:343],大春物,一色彩羽,,,
[c:344],恋之光,北代,,,
[c:345],白色相簿2,小木曾雪菜,,,
[c:346],炎拳,露娜,对他使用炎拳吧,,
[c:347],电锯人,电次,好耶！！,,
[c:348],来自深渊,娜娜奇,,,
[c:349],EVA,真希波,,,
[c:350],高达SEED,拉克丝克莱因,,,
[c:351],高达SEED,卡嘉莉尤拉阿斯哈,,,
[c:352],寒蝉鸣泣之时,古手梨花,,,
[c:353],街角魔族,夏美子,,,
[c:354],葬送的芙莉莲,芙莉莲,,,
[c:355],魔法禁书目录,一方通行,,,
[c:356],兰斯,,,,
[c:357],EVA,相田剑介,,,
[c:358],吹响吧！上低音号,田中明日香,,,
[c:359],寒蝉鸣泣之时,北条沙都子,,,
[c:360],海猫鸣泣之时,右代宫战人,无能,,
[c:361],海猫鸣泣之时,古户绘梨花,胶布,,
[c:362],烙印战士,格斯,,,
[c:363],烙印战士,格里菲斯,,,
[c:364],烙印战士,卡思嘉,,,
[c:365],进击的巨人,艾伦,,,
[c:366],进击的巨人,艾伦,那种事不要啊,,
[c:367],进击的巨人,阿尔敏,请您吃屎,,
[c:368],进击的巨人,莱纳,,,
[c:369],进击的巨人,三笠,,,
[c:370],进击的巨人,尤弥尔,,,
[c:371],谏山创,,,,
[c:372],罗小黑战记,罗小黑,,,
[c:373],奇巧计程车,白川美保,,,
[c:374],福星小子,拉姆,,,
[c:375],艾尔登法环,妮,,,
[c:376],艾尔登法环,瑟濂老师,点头称是,,
[c:377],赛博朋克边缘行者,Lucy,,,
[c:378],赛博朋克边缘行者,Lucy,,,
[c:379],赛博朋克边缘行者,Lucy,,,
[c:380],赛博朋克边缘行者,Rebecca,,,
[c:381],赛博朋克边缘行者,Rebecca,,,
[c:382],水星的魔女,斯莱塔,,,
[c:383],异度神剑2,光负剑,,,
[c:384],异度神剑3,N,MIO！,,
[c:385],异度神剑3,N,剑指,,
[c:386],电锯人,波奇塔,怎么这样,,
[c:387],电锯人,东山小红,,,
[c:388],电锯人,三鹰朝,,,
[c:389],电锯人,三鹰夜,战争恶魔,,
[c:390],孤独摇滚,后藤一里,波奇,,
[c:391],孤独摇滚,后藤一里,波奇,,
[c:392],孤独摇滚,后藤一里,波奇,,
[c:393],孤独摇滚,后藤一里,得意波奇,,
[c:394],孤独摇滚,后藤一里,波奇,,
[c:395],孤独摇滚,伊地知虹夏,,,
[c:396],孤独摇滚,伊地知虹夏,,,
[c:397],孤独摇滚,伊地知虹夏,,,
[c:398],孤独摇滚,伊地知虹夏,筋肉虹夏,,
[c:399],孤独摇滚,山田凉,,,
[c:400],孤独摇滚,山田凉,,,
[c:401],孤独摇滚,山田凉,吃草凉,,
[c:402],孤独摇滚,山田凉,,,
[c:403],孤独摇滚,喜多郁代,,,
[c:404],孤独摇滚,喜多郁代,,,
[c:405],孤独摇滚,喜多郁代,,,
[c:406],孤独摇滚,喜多郁代,中指喜多,,
[c:407],孤独摇滚,喜多郁代,,,
[c:408],EVA,碇真嗣,最低だ、俺って,,
[c:409],TheIdolM@ster闪耀色彩,靠谠蚕,AI吃面,,
[c:410],高达SEED,芙蕾阿尔斯塔,,,
[c:411],流浪地球,MOSS,,,
[c:412],流浪地球,马兆海鸥,,,
[c:413],水星的魔女,斯莱塔,,,
[c:414],水星的魔女,米奥莉奈,,,
[c:415],GuiltyCrown,樱满集,我的王之力啊,,
[c:416],SPYXFAMILY,阿妮亚,垃圾动画,,
[c:417],塞尔达传说王国之泪,加侬多夫,,,
[c:418],异度神剑2,普洛洛,垃圾游戏,,
[c:419],Fatestaynight,Lancer,,,
[c:420],异世界舅舅,舅舅,阳介,,
[c:421],我推的孩子,星野爱,,,
[c:422],我推的孩子,星野爱,,,
[c:423],其他,初音miku,米库打油,,
[c:424],高达桑,彗星小鸡,,,
[c:425],其他,凉宫哈尔滨,超越梦想一起飞,,
[c:426],奥特曼,奥特曼,,,
[c:427],BanGDream!MyGO!!!!!,长崎爽世,春日影,长崎素世,
[c:428],天国大魔境,小丸,,,
[c:429],极黑的布伦希尔特,和美,那边的人全都是处男吗,,
[c:430],葬送的芙莉莲,芙莉莲,,,
[c:431],高达SEED,基拉大和,,,
[c:432],高达SEEDD,真飞鸟,,,
[c:433],迷宫饭,莱欧斯,,,
[c:434],迷宫饭,莱欧斯,,,
[c:435],迷宫饭,玛露希尔,马鹿,,
[c:436],迷宫饭,玛露希尔,马鹿,,
[c:437],迷宫饭,玛露希尔,马鹿,,
[c:438],迷宫饭,齐尔查克,,,
[c:439],迷宫饭,齐尔查克,,,
[c:440],迷宫饭,森西,,,
[c:441],迷宫饭,森西,,,
[c:442],迷宫饭,法琳,,,
[c:443],迷宫饭,法琳,,,
[c:444],迷宫饭,伊津津美,,,
[c:445],迷宫饭,伊津津美,,,
[c:446],葬送的芙莉莲,菲伦,,,
[c:447],葬送的芙莉莲,尤贝尔,,,
[c:448],Chiikawa,吉伊卡哇,,,
[c:449],Chiikawa,哈奇喵,,,
[c:450],Chiikawa,乌萨奇,,,
[c:451],米老鼠,蒸汽船威利,,,
[c:452],塞尔达传说旷野之息,林克,,,
[c:453],黑猫警长,一只耳,,,
[c:454],白日梦哥布林,帅哥布林,,,
[c:455],败犬女主太多了！,八奈见杏菜,老八,,
[c:456],黑神话悟空,黄风大圣,我来助你,,
[c:457],黑神话悟空,黄眉,我又赢了,,
[c:458],黑神话悟空,四妹,,,
[c:459],JOJO的奇妙冒险,DIO,迪奥,,
[c:460],DC,Superman,超人,,
[c:461],DC,Catwoman,猫女,,
[c:462],DC,Penguin,企鹅人,,
[c:463],DC,Two face,双面人,,
[c:464],Marvel,Spiderman,蜘蛛侠,,
[c:465],千与千寻,无脸男,,,
[c:466],魔法少女奈叶,高町奈叶,头脑稍微冷静一下吧,,
[c:467],BanGDream!MyGO!!!!!,千早爱音,,,
[c:468],BanGDream!MyGO!!!!!,千早爱音,,,
[c:469],BanGDream!MyGO!!!!!,千早爱音,,,
[c:470],BanGDream!MyGO!!!!!,高松灯,,,
[c:471],BanGDream!MyGO!!!!!,长崎爽世,长崎素世,,
[c:472],BanGDream!MyGO!!!!!,长崎爽世,长崎素世,,
[c:473],BanGDream!MyGO!!!!!,长崎爽世,长崎素世,,
[c:474],BanGDream!MyGO!!!!!,长崎爽世,长崎素世,,
[c:475],BanGDream!MyGO!!!!!,椎名立希,,,
[c:476],BanGDream!MyGO!!!!!,椎名立希,,,
[c:477],BanGDream!MyGO!!!!!,要乐奈,,,
[c:478],BanGDream!AveMujica,丰川祥子,Oblivionis,,
[c:479],BanGDream!AveMujica,丰川祥子,Oblivionis,,
[c:480],BanGDream!AveMujica,丰川祥子,Oblivionis,客服小祥,
[c:481],BanGDream!AveMujica,丰川祥子,Oblivionis,,
[c:482],BanGDream!AveMujica,丰川祥子,Oblivionis,,
[c:483],BanGDream!AveMujica,丰川祥子,Oblivionis,,
[c:484],BanGDream!AveMujica,若叶睦,Mortis,,
[c:485],BanGDream!AveMujica,若叶睦,Mortis,,
[c:486],BanGDream!AveMujica,若叶睦,Mortis,对健康不好哦,
[c:487],BanGDream!AveMujica,三角初华,Doloris,,
[c:488],BanGDream!AveMujica,八幡海铃,Timoris,,
[c:489],BanGDream!AveMujica,v天寺若麦,Amoris,,
[c:490],BanGDream!AveMujica,纯田真奈,甜甜圈女士,,
[d:001],IPhone,,,,
[d:002],IPad,,,,
[d:003],PC,,,,
[d:004],复制粘贴,Ctrl+C/Ctrl+V,,,
[d:005],Esc,,,,
[d:006],GameBoy,,,,
[d:007],GBA,,,,
[d:008],NDS,,,,
[d:009],3DS,,,,
[d:010],NGC,,,,
[d:011],FC,,,,
[d:012],SFC,,,,
[d:013],N64,,,,
[d:014],Wii,,,,
[d:015],WiiU白,,,,
[d:016],WiiU黑,,,,
[d:017],NintendoSwitch,,,,
[d:018],PSP,,,,
[d:019],PSV,,,,
[d:020],PS1,,,,
[d:021],PS1正向,,,,
[d:022],PS2,,,,
[d:023],PS3,,,,
[d:024],PS3正向,,,,
[d:025],PS4,,,,
[d:026],PS4白,,,,
[d:027],PS4Pro,,,,
[d:028],XBox,,,,
[d:029],XBox白,,,,
[d:030],XBox360,三红机,,,
[d:031],XBoxONE,,,,
[d:032],XBoxONE白,,,,
[d:033],垃圾桶PS,,,,
[d:034],垃圾桶xbox,,,,
[d:035],垃圾桶switch,,,,
[d:036],垃圾桶steam,,,,
[d:037],垃圾桶(可回收),,,,
[d:038],垃圾桶(不可回收),,,,
[d:039],XBSX,,,,
[d:040],XBSX,dark,,,
[d:041],垃圾桶famitsu,法米通,,,
[d:042],垃圾桶gamefreak,,,,
[d:043],垃圾桶IGN,,,,
[d:044],ps5,,,,
[d:045],垃圾桶TGA,,,,
[f:001],无语,神乐老师,,,
[f:002],荒川爆笑团,眼神空洞 失神,,,
[f:003],黑线,初代万能表情,awkward,,
[f:004],黑线gif,,,,
[f:005],白板,,,,
[f:006],2眼,绿豆眼,沉默,,
[f:007],白围脖,包茎,,,
[f:008], 闭嘴,我没意见,,,
[f:009],口香糖,泡泡糖,戳,,
[f:010],米菲兔,闭嘴,,,
[f:011],贴符,封印,,,
[f:012],魂,晦气,,,
[f:013],眯眼,,,,
[f:014],白脸,,,,
[f:015],嘟嘴,撇嘴,脸肿,,
[f:016],等号眼,,,,
[f:017],等号眼,,,,
[f:018],好男人,阿部高和,,,
[f:019],瞎,,,,
[f:020],活久见,,,,
[f:021],囊眼,,,,
[f:022],荒川爆笑团,,,,
[f:023],睡,,,,
[f:024],欲言又止,,,,
[f:025],哈,叹气,,,
[f:026],哈,叹气,,,
[f:027],斜眼,,,,
[f:028],黑脸,,,,
[f:029],微笑,普通笑脸,,,
[f:030],天野喜孝,,,,
[f:031],眼镜,,,,
[f:032],银魂,新八,眼镜笑,,
[f:033],茶,,,,
[f:034],眼镜茶,,,,
[f:035],咖啡,,,,
[f:036],墨镜,,,,
[f:037],瞎子,,,,
[f:038],胡茬,,,,
[f:039],抽烟,,,,
[f:040],有想法,灵光一闪,,,
[f:041],猫嘴卖萌,泉此方,,,
[f:042],强颜欢笑,,,,
[f:043],,,,,
[f:044],笑哭,做鬼脸,,,
[f:045],胜改藏,暧昧笑,害羞笑,,
[f:046],荒川爆笑团,,,,
[f:047],一拳超人,斡,,,
[f:048],呲牙,不屑,,,
[f:049],荒川爆笑团,奸笑,,,
[f:050],吐舌笑,,,,
[f:051],呸,吐舌,,,
[f:052],吐钱,ATM,,,
[f:053],扇子笑,,,,
[f:054],滑稽,斜眼笑,,,
[f:055],咧嘴笑,,,,
[f:056],战斗力,战斗力爆表,,,
[f:057],大拇指,,,,
[f:058],耍帅,牙齿亮白,,,
[f:059],就这个,吸血鬼,,,
[f:060],哦,嚯,,,
[f:061],白色风衣,快来,,,
[f:062],白色风衣,快来,,,
[f:063],号外,喇叭,,,
[f:064],ののワ(Nonowa),,,,
[f:065],Awesome,,,,
[f:066],XD,,,,
[f:067],兵库北,香菜笑,,,
[f:068],允悲,金馆长捂脸,,,
[f:069],傻,,,,
[f:070],啾,kira,,,
[f:071],傻白甜,原始笑,,,
[f:072],傻白甜,爱心,,,
[f:073],害羞,,,,
[f:074],害羞,,,,
[f:075],害羞,,,,
[f:076],绿帽,,,,
[f:077],喷鼻血,涩,,,
[f:078],卖萌,,,,
[f:079],美女～,心动,,,
[f:080],波一个,花痴,,,
[f:081],纸巾,一滴不剩,,,
[f:082],oxo,嬲,,,
[f:083],风浦可符香,阴险,,,
[f:084],扇,,,,
[f:085],亮眼,眼前一亮,两眼发光,面露凶光,
[f:086],刀了他,杀心,,,
[f:087],黑化,,,,
[f:088],腹黑,粉切黑,,,
[f:089],黑化,,,,
[f:090],,,,,
[f:091],吃惊,,,,
[f:092],困扰,为难,,,
[f:093],汗,,,,
[f:094],黑线汗,,,,
[f:095],,,,,
[f:096],尿,,,,
[f:097],吓尿,,,,
[f:098],荒川爆笑团,吃惊,,,
[f:099],,,,,
[f:100],胜改藏,黑线,,,
[f:101],胜改藏,吃惊,,,
[f:102],改藏,坪内地丹,,,
[f:103],可怕的孩子,黑线汗,,,
[f:104],改藏,坪内地丹,,,
[f:105],吃惊,,,,
[f:106],嗯？,,,,
[f:107],邪神,,,,
[f:108],翻转轻拍(flfl)ED,,,,
[f:109],荒川爆笑团,,,,
[f:110],,,,,
[f:111],翻转轻拍(flfl)ED,卧槽,,,
[f:112],卧槽,,,,
[f:113],,,,,
[f:114],砖,石化,,,
[f:115],打雷,,,,
[f:116],黑眼圈,,,,
[f:117],,,,,
[f:118],雅美罗,,,,
[f:119],跪,orz,,,
[f:120],晕,毛了,,,
[f:121],炸毛,雷,,,
[f:122],裂,,,,
[f:123],裂,,,,
[f:124],邪神,,,,
[f:125],扭曲,,,,
[f:126],怒,,,,
[f:127],骂,,,,
[f:128],即使如此小镇依然转动,岚山步鸟,女仆咖啡厅,吃惊,
[f:129],荒川爆笑团,吃惊,,,
[f:130],银魂,新八,眼镜怒,,
[f:131],银魂,新八,眼镜怒,,
[f:132],M图一雄,漂流教室,恐怖,,
[f:133],凶恶,,,,
[f:134],ffffuuuuu,癫,,,
[f:135],哭,,,,
[f:136],哭,,,,
[f:137],摸摸头,,,,
[f:138],目尿出,,,,
[f:139],目尿出,,,,
[f:140],目尿出,,,,
[f:141],木乃伊,,,,
[f:142],,,,,
[f:143],鼻青眼肿,,,,
[f:144],血流满面,,,,
[f:145],中刀,,,,
[f:146],荒川爆笑团,崩血,,,
[f:147],死,爆菊,,,
[f:148],中箭,,,,
[f:149],死,,,,
[f:150],中枪,,,,
[f:151],死,,,,
[f:152],死,,,,
[f:153],凸,Dying Message,,,
[f:154],闪瞎,,,,
[f:155],,,,,
[f:156],血泪,目害,,,
[f:157],血泪,目害,,,
[f:158],闪瞎1,,,,
[f:159],闪瞎2,,,,
[f:160],好吃,美味,,,
[f:161],口水,馋,,,
[f:162],荒川爆笑团,捧脸笑,,,
[f:163],塞抹布,吃屎,,,
[f:164],塞抹布,吃屎,,,
[f:165],堵嘴,捂嘴,,,
[f:166],吐,恶,呕,D区,口区
[f:167],嗝屁,,,,
[f:168],冷,,,,
[f:169],冷,,,,
[f:170],圣诞,,,,
[f:171],圣诞,,,,
[f:172],战斗力,,,,
[f:173],战斗力,,,,
[f:174],战斗力,,,,
[f:175],战斗力,,,,
[f:176],战斗力5,,,,
[f:177],战斗力9000+,,,,
[f:178],亲子S,,,,
[f:179],剑盾,,,,
[f:180],暗中观察,,,,
[f:181],偷偷喜欢,,,,
[f:182],暗中落泪,,,,
[f:183],绿帽,,,,
[f:184],天使,安详,升天,,
[f:185],头顶青天,,,,
[f:186],头顶青天,,,,
[f:187],天使,升天,,,
[f:188],荒川爆笑团,,,,
[f:189],荒川爆笑团,,,,
[f:190],荒川爆笑团,,,,
[f:191],荒川爆笑团,,,,
[f:192],荒川爆笑团,,,,
[f:193],荒川爆笑团,,,,
[f:194],荒川爆笑团,泪流满面,,,
[f:195],山寨,,,,
[f:196],牛,,,,
[f:197],,,,,
[f:198],基,,,,
[f:199],图片不存在,,,,
[f:200],404,,,,
[f:201],顶,,,,
[f:202],比心,,,,
[f:203],！,,,,
[f:204],？,,,,
[f:205],红包,,,,
[f:206],,,,,
[f:207],S1,台球,,,
[f:208],S1娘,,,,
[f:209],捶地,,,,
[f:210],打滚,,,,
[f:211],打滚,,,,
[f:212],,,,,
[f:213],不敢认错,,,,
[f:214],钓鱼,,,,
[f:215],咬钩,,,,
[f:216],古见硝子,,,,
[f:217],粪海狂蛆,臭,野兽先辈,,
[f:218],黄金神威,阿席莉帕,,,
[f:219],黄金神威,阿席莉帕,,,
[f:220],迷宫饭,莱欧斯,傻笑,,
[f:221],游戏3人娘,奥莉薇,？,,
[f:222],游戏3人娘,华子,,,
[f:223],游戏3人娘,华子,浓妆,卖萌,
[f:224],游戏3人娘,华子,恐怖,,
[f:225],游戏3人娘,华子,充气娃娃,,
[f:226],游戏3人娘,香纯,,,
[f:227],HAHAHAHA,笑,,,
[f:228],复读机,,,,
[f:229],黑化过渡,,,,
[f:230],跳闸,,,,
[f:231],饵吞饵,,,,
[f:232],钩连钩,,,,
[f:233],迷宫饭,莱欧斯,,,
[f:234],摇头,,,,
[f:235],RIP(respect),,,,
[f:236],RIP(disrespect),,,,
[f:237],RIP(candle),,,,
[f:238],虚构推理,岩永琴子,,,
[f:239],SPYxFAMILY,阿妮亚,,,
[f:240],SPYxFAMILY,打飞达米安,挥拳殴打,,
[f:241],没气,,,,
[f:242],MAGA,,,,
[f:243],jaihind,阿三,三哥,,
[f:244],翻转轻拍(flfl)ED,卧槽,,,
[f:245],Awesome,,,,
[f:246],指控,女人指猫,,,
[f:247],嫌弃,,,,
[f:248],口罩,,,,
[f:249],口罩,,,,
[f:250],瘟疫医生,,,,
[f:251],アヘ,阿黑颜,,,
[f:252],吐舌卖萌,搞砸了,,,
[f:253],透明,存在感0,,,
[f:254],极主夫道,不死身之龙,黑帮笑,,
[f:255],学不来,润香球拍,,,
[f:256],NGA,,,,
[f:257],马斯克凸嘴,,,,
[f:258],恶魔,,,,
[f:259],葬送的芙莉莲,菲伦1,,,
[f:260],葬送的芙莉莲,菲伦2,,,
[f:261],差不多得了,,,,
[f:262],进击的巨人,RIP抚摸冒烟,,,
[f:263],SPYXFAMILY,阿妮亚2,,,
[f:264],艾尔登法环,褪夫,,,
[f:265],剑指,,,,
[f:266],剑指,,,,
[f:267],租借女友,木之下和也,,,
[f:268],大师剑剑指,,,,
[f:269],捏合,韩男公敌,小小的也很可爱,,
[f:270],女王笑,三段笑,,,
[f:271],特林顿综合症,高达0083,浦木宏,,
[f:272],中世纪手稿画风,King,,,
[f:273],小丑,,,,
[f:274],西瓜,哈马斯,,,
[f:275],章鱼(蚝爹鱿),,,,
[f:276],MAGA躲子弹,,,,
[f:277],高桥手,,,,
[g:001],,,,,
[g:002],,,,,
[g:003],,,,,
[g:004],,,,,
[g:005],,,,,
[g:006],,,,,
[g:007],,,,,
[g:008],,,,,
[g:009],,,,,
[g:010],,,,,
[g:011],,,,,
[g:012],,,,,
[g:013],,,,,
[g:014],,,,,
[g:015],,,,,
[g:016],,,,,
[g:017],,,,,
[g:018],,,,,
[g:019],,,,,
[g:020],,,,,
[g:021],,,,,
[g:022],,,,,
[g:023],,,,,
[g:024],,,,,
[g:025],,,,,
[g:026],,,,,
[g:027],,,,,
[g:028],,,,,
[g:029],,,,,
[g:030],,,,,
[g:031],,,,,
[g:032],,,,,
[g:033],,,,,
[g:034],,,,,
[g:035],,,,,
[g:036],,,,,
[g:037],,,,,
[g:038],,,,,
[g:039],,,,,
[g:040],,,,,
[g:041],,,,,
[g:042],,,,,
[g:043],,,,,
[g:044],,,,,
[g:045],,,,,
[g:046],,,,,
[g:047],,,,,
[g:048],,,,,
[g:049],,,,,
[g:050],,,,,
[g:051],,,,,
[g:052],,,,,
[g:053],,,,,
[g:054],,,,,
[g:055],,,,,
[g:056],,,,,
[g:057],,,,,
[g:058],,,,,
[g:059],,,,,
[g:060],,,,,
[g:061],,,,,
[g:062],,,,,
[g:063],,,,,
[g:064],,,,,
[g:065],,,,,
[g:066],,,,,
[g:067],,,,,
[g:068],,,,,
[g:069],,,,,
[g:070],,,,,
[g:071],,,,,
[g:072],,,,,
[g:073],,,,,
[g:074],,,,,
